{"cameraMode":{"drawMode":0,"name":"Shaded","section":"Shading Mode"},"sceneLighting":true,"audioPlay":false,"sceneViewState":{"showFog":true,"showMaterialUpdate":false,"showSkybox":true,"showFlares":true,"showImageEffects":true,"showParticleSystems":true},"in2DMode":false,"pivot":{"x":-2.356489419937134,"y":-8.637661933898926,"z":4.686532974243164},"rotation":{"x":-0.3800150454044342,"y":0.028016623109579088,"z":-0.011517435312271119,"w":-0.9244877099990845},"size":28.615392684936525,"orthographic":false}